Compound_ID,SMILES
ZINC001805201306_1,Cn1c(cc(n1)C(=O)N2CC[C@H]([C@@H]2c3cccnc3)CNC(=O)c4ccccc4O)OC
ZINC001789067736_1,CCc1cc(nn1C)C(=O)NC[C@H]2[C@H]3CN(CC[C@H]3CO2)C(=O)c4cc(ccc4F)F
ZINC001780481659_1,C[C@@H](C(=O)N1CCO[C@@]2(C1)CCN(C2)C(=O)c3ccccc3F)NC(=O)c4ccccc4
ZINC001808102889_1,c1cc(cnc1)[C@H]2[C@@H](CCN2C(=O)[C@@H]3CCCCO3)CNC(=O)c4c5cccnc5n[nH]4
ZINC001475244412_1,CCOc1ccc(cc1)[C@@H]2C[C@H]2NS(=O)(=O)N3CCN(CC3)C(=O)OC(C)(C)C
ZINC001495476180_1,CC[C@H](C)c1nnc(n1C[C@]2(CCO[C@@H]2C)O)N3CCC(CC3)N4CCN(C4=O)CC
ZINC000477261858_1,C[C@H](c1c(cccc1Cl)F)NC(=O)c2ccc(cc2)S(=O)(=O)N3CCNC(=O)C3
ZINC000808699117_1,CCOC(=O)Nc1c(ncs1)C(=O)OCC(=O)Nc2ccc(cc2)N3CCOCC3
ZINC001800716169_1,CCCC(=O)N1C[C@@H]2COC[C@H](C1)[C@@H]2NC(=O)[C@]34CC[C@H]3CN(C4)C(=O)OC(C)(C)C
ZINC000792671725_2,CC(C)(C)OC(=O)N1CCC(CC1)c2nc(n(n2)C)NC(=O)c3ccc4n3nccc4
ZINC001640765363_1,CC1(CCN(CCS1=O)C(=O)[C@@H](CCSC)NC(=O)COc2ccccc2)C
ZINC000542140276_1,c1cc(c(cc1[C@H]2[C@@H](CCO2)C(=O)Nc3ccn(n3)CC(=O)N4CCOCC4)F)Cl
ZINC000113177847_1,c1cc(sc1)c2nc(cs2)CC(=O)N[C@@H](C#N)c3ccc(cc3)Cl
ZINC000410130553_1,Cc1cc(ccc1NC(=O)C2CCN(CC2)C(=O)N3CCCC3)O[C@H]4CCN(C4=O)C
ZINC001769478645_1,C[C@H]1CN(C[C@H](O1)COC)c2nnc(n2C[C@](C)(C3CCCCC3)O)C(=O)N4CCCC4
ZINC000442908792_1,Cn1ccnc1[C@@H](c2ccccc2F)NS(=O)(=O)c3ccc(cc3OC)C(=O)OC
ZINC000442125591_1,Cc1ccc(cc1)Oc2ccccc2NC(=O)C(=O)NC[C@@H]3CCC[C@@]34C(=O)NC(=O)N4
ZINC000671064346_1,CC[C@H](c1ccccc1OCC(=O)NC)NC(=O)C(=O)N2CCO[C@H](C2)C3CCCCC3
ZINC001218542539_1,CCOC(=O)[C@@H]1C[NH2+]C[C@H]1C(=O)Nc2c(cc(c(n2)C)Br)Br
ZINC001791538521_1,Cc1cc(no1)CC(=O)NC[C@H]2[C@H]3CN(CC[C@H]3CO2)C(=O)c4cc5cc(ccc5[nH]4)F
ZINC001801832411_1,c1c(cc(c(c1F)F)Cl)C(=O)N[C@@H]2[C@@H]3CN(C[C@H]2COC3)C(=O)CC4(CCC4)O
ZINC001791811411_1,c1cc(ccc1C(=O)C(=O)N2CC[C@H]3CO[C@H]([C@H]3C2)CNC(=O)CC[C@@H]4CCOC4)Cl
ZINC001626369236_1,Cc1cc(n(n1)c2cccc(c2)Br)NC(=O)c3nc4ncc(cn4n3)CCO
ZINC000550212207_1,Cc1cccc(c1OC[C@H](c2ccccc2)NC(=O)C(=O)NCc3nnc4n3CCC4)C
ZINC000478638929_1,Cc1ccc(cc1)CN2CC[C@H](C2=O)NC(=O)NCCCNC(=O)c3cccc(c3)F
ZINC000799256878_1,COc1cc(cc(c1OC)OC)N2CCN(CC2)C(=O)C(=O)Nc3cc(cnc3)F
ZINC000740293908_1,CC(C)(C)OC(=O)N[C@H]1CCC[C@H]1C(=O)OCC(=O)NC(=O)Nc2ccc3c(c2)OCO3
ZINC001790219189_1,c1cc(c(c(c1)F)C(=O)Nc2ccc(cc2)C3(CCC3)NC(=O)CN4CC(=O)NC4=O)F
ZINC001807870450_1,c1cc2cc(ccc2nc1)C(=O)N3CC[C@@H]([C@H]3c4cccnc4)CNC(=O)c5[nH]ncn5
ZINC000331418164_1,C[C@H]1C[C@H](CN1C(=O)c2cc3cc(ccc3s2)N(=O)=O)O
ZINC001790012145_1,Cc1c(cn2c1c(=O)[nH]cn2)C(=O)Nc3ccc(cc3)C4(CCC4)NC(=O)[C@@H](C)COC
ZINC001166811575_1,CCOC(=O)c1ccnc(c1C(=O)OCC)N2c3ccccc3C(=O)NC24CC[NH2+]CC4
ZINC001799202669_1,CN(C)C(=O)c1cccc(c1)C(=O)N[C@H]2C[C@H]3CC[C@@H](C2)N3C(=O)c4cc(c[nH]4)COC
ZINC000776885652_1,CC(C)CS(=O)(=O)N1CCC(CC1)NC(=O)NCc2ccc(cc2)N3CCCC3=O
ZINC001259143544_1,CC(C)(C)OC(=O)N[C@H]1C[C@H]2CC[C@@H](C1)N2S(=O)(=O)c3ccc(cc3)S(=O)(=O)C
ZINC000610788575_1,CCOC(=O)C1CCN(CC1)C(=O)CN(C)C(=O)NC[C@@H](c2ccccc2Cl)OC
ZINC000513407999_1,c1cc(cc(c1)Cl)C(=O)N2CCC[C@H](C2)S(=O)(=O)NCCCNC(=O)C3CCC3
ZINC001748160849_1,Cc1cnn(c1)C[C@@H]2CN(CCO2)c3nnc(n3Cc4cccc(c4)C(=O)NC)C(C)C
ZINC000782711995_1,CC(C)(C)OC(=O)N[C@H](CNC(=O)N[C@@H](CO)C1CCOCC1)c2ccccc2OC
ZINC000432316021_1,Cc1ccc(cc1NCc2c(cccn2)C(F)(F)F)N(=O)=O
ZINC001792320369_1,C[C@H](C(=O)Nc1ccc(cc1)C2(CCC2)NC(=O)[C@H]3CCC(=O)N3)NC(=O)c4ccccc4
ZINC000472680775_1,CC(=O)N1CC[C@@H](c2c1cccc2)NC(=O)C(=O)Nc3cc(cc(c3)OC)n4cccn4
ZINC000544684298_1,COCCn1cc2c(n1)[C@H](CCC2)NC(=O)NC[C@@H]3CC(=O)N(C3)Cc4ccccc4
ZINC000768709942_1,CC1(CCC[C@@]2(C1)C(=O)N(C(=O)N2)CC(=O)OCC(=O)Nc3cc(ccc3OC)OC)C
ZINC000670694861_1,CC(C)[C@@H](c1ccc2c(c1)OCCO2)NC(=O)C(=O)NCCOc3ccc(cc3)OC
ZINC000670379027_1,c1cc(ccc1C(=O)NCC(=O)NC[C@@H](Cc2ccncc2Cl)CO)C(F)(F)F
ZINC001177274115_1,Cc1c(nc(s1)C)CC(=O)NC[C@@H]2C[C@@]3(CN(CCOC3)C(=O)OC(C)(C)C)OC2
ZINC000273502321_1,Cc1ccc(c(c1)C(=O)NCc2nnc(n2C3CC3)C)N(=O)=O
ZINC000460828790_1,CCN1CCN(C(=O)C1=O)CCc2nc(on2)c3c(cc(s3)NC(=O)c4ccco4)C
ZINC001782844495_1,C[C@H](Cc1ccncc1)C(=O)N2CCO[C@]3(C2)CCN(C3)C(=O)[C@@H]4Cc5ccccc5N4
ZINC001800105679_1,Cc1cccc(c1)CC(=O)N2C[C@@H]3COC[C@H](C2)[C@@H]3NC(=O)c4cnn5c4c(ccc5)C
ZINC000522243659_1,CCn1cc(cn1)CN(C)C(=O)c2cc(=O)[nH]c3c2cc(cc3)S(=O)(=O)N(CC)CC
ZINC000015536727_1,C[NH+](C)[C@@H](CNC(=O)c1cc(ccc1Cl)S(=O)(=O)N2CCOCC2)c3cccs3
ZINC000761626661_1,Cc1cc(ccc1n2cnnn2)NC(=O)N3CCO[C@H](C3)[C@H](C)NC(=O)OC(C)(C)C
ZINC000746672537_1,C[C@@H]1C[C@H](C(=O)N1c2cnn(c2)C)NS(=O)(=O)c3ccc4c(c3)sc(n4)Cl
ZINC000505831979_1,CC(C)(C)c1ccc(cc1)[C@@H](C#N)NC(=O)c2cccc(c2)Cn3ccnc3
ZINC000456217930_1,CC[C@H]([C@@H](C)O)NC(=O)C(C)(C)c1ccc(cc1F)N(=O)=O
ZINC000437364014_1,Cn1ccnc1COc2ccc(cc2)NC(=O)C(=O)Nc3ccc4c(c3)C(=O)N(CC4)C
ZINC000172192615_1,Cc1cc(ccc1N(=O)=O)S(=O)(=O)Nc2nc(cs2)C
ZINC001812722633_1,c1cc(cnc1)[C@H]2[C@H](CCN2C(=O)c3ccn(=O)cc3)CNC(=O)C(Cl)(Cl)Cl
ZINC000461110776_1,COC(=O)c1cc(cc(c1)NC(=O)N[C@H]2CC(=O)N(C2)c3ccccc3F)C(=O)OC
ZINC000511905594_1,c1cc(cc(c1)Oc2ccc(cc2)NC(=O)C(=O)N3CCC(CC3)Cn4ccnn4)C(=O)N
ZINC000611095962_1,CCN1C[C@@H](Oc2c1cccc2)CN(C)C(=O)Nc3cccn(c3=O)CC(=O)OCC
ZINC000296415191_1,CC1([C@@H]([C@@H]2[C@H]1OCC2)[NH2+]CCOc3ccc(cc3)N(=O)=O)C
ZINC000018094326_1,CCN(CC(=O)Nc1ccccc1OC)C(=O)CNC(=O)c2ccc(o2)Br
ZINC001554220787_1,CN(CC1CCCC1)c2nnc(n2CCNS(=O)(=O)C)c3cc(c[nH]3)Br
ZINC001476484592_1,CN(CCOc1ccc(cc1F)S(=O)(=O)N)C(=O)Nc2ccc(nc2)OC(F)F
ZINC001742881763_1,Cc1c(c(on1)C)CN(C)c2nnc(n2CC(=O)NCC(F)(F)F)Cc3ccncc3
ZINC000483693139_1,Cc1cc(ccc1NC(=O)C(=O)N[C@H](c2ccc(cc2)F)[C@@H]3CCCO3)OCC(=O)NC
ZINC001611132008_1,CC[C@H]1[C@@H](CCN1C(=O)OC(C)(C)C)C(=O)N(CCNC(=O)OC(C)(C)C)CCO
ZINC000757061400_1,CC[C@H](c1c(noc1C)C)NC(=O)N2CCN(CC2)C3=NS(=O)(=O)c4c3cccc4
ZINC000784762508_1,CC(C)n1c(n[nH]c1=S)[C@H]2CCCN(C2)C(=O)C(=O)Nc3ccccc3C(=O)N(C)C
ZINC001798841976_1,CCc1c(c(n(n1)C)C(=O)N2C[C@@H]3COC[C@H](C2)[C@@H]3NC(=O)c4cc(ccc4O)C)Cl
ZINC000803492233_1,CCOC(=O)N[C@@H](C(C)C)C(=O)NCC(=O)Nc1ccc(cc1)I
ZINC001357158329_1,CN(CCNC(=O)c1ccc(cc1)S(=O)(=O)C2CCC2)S(=O)(=O)c3cccs3
ZINC000742265263_1,CCOC(=O)N1CCN(CC1)S(=O)(=O)c2c(cc(c(c2F)Cl)NC(=O)C)F
ZINC000560795142_1,CCc1nnc(s1)NC(=O)[C@H](C)[C@@H](C)NC(=O)Cc2csc(n2)c3cnccn3
ZINC000484056503_1,CC(C)(C)NC(=O)C[NH+]1CCC(CC1)CNC(=O)Nc2cc(c(cc2OC)OC)OC
ZINC001794701771_1,Cc1cc[nH]c1C(=O)N2[C@@H]3CC[C@H]2C[C@H](C3)NC(=O)COCCNC(=O)OC(C)(C)C
ZINC001808032731_1,CC(C)CNC(=O)C(=O)N1CC[C@H]([C@H]1c2cccnc2)CNC(=O)c3cccc4c3cn[nH]4
ZINC000670741653_1,C[C@H](c1ccccc1Cl)N(C)C(=O)C(=O)NCc2ccc(cc2)CS(=O)(=O)NC
ZINC001509603256_1,C[C@@H](Cn1c(nnc1N(C)C[C@@H]2CCOC2)C(=O)NC(C)C)N3CCc4c3cccc4
ZINC001667250075_1,c1cc(ccc1NC(=O)Nc2ccc(c(c2)CO)CO)S(=O)(=O)NCC(F)(F)F
ZINC001807924931_1,Cc1ncc(cn1)C(=O)N2CCCC3(C2)CCN(CC3)C(=O)CNC(=O)OC(C)(C)C
ZINC000917360942_1,C[C@H](C(=O)NC(C)C)OC(=O)c1ccc(cc1)[N-]S(=O)(=O)c2ccc3c(c2)[nH]c(=O)[nH]3
ZINC001793350621_1,Cc1ccc(c(c1)C)NCCC(=O)N[C@H]2C[C@H]3CC[C@@H](C2)N3C(=O)CN4CCOC4=O
ZINC000507389824_1,c1cc(ncc1Br)NC(=O)C2CCN(CC2)C(=O)c3cc(cs3)C(=O)N
ZINC000572188879_1,C[C@H]1CC[C@@H](N(C1)C(=O)Nc2ccn(n2)CC(=O)N3CCOCC3)c4ccccc4OC
ZINC001788817478_1,Cc1c(c(n[nH]1)C)C(=O)NC[C@H]2[C@H]3CN(CC[C@H]3CO2)C(=O)c4cc(oc4)[Si](C)(C)C
ZINC000510278491_1,CCN(c1c(n(c(=O)[nH]c1=O)Cc2ccccc2)N)C(=O)CN(C)c3ccc(cc3)F
ZINC001813613423_1,C[NH+]1CC(C1)C(=O)NC[C@H]2CCN([C@@H]2c3cccnc3)C(=O)CC4Cc5ccccc5C4
ZINC001797028741_1,CCCOc1ccc(cc1)C(=O)N2C[C@@H]3COC[C@H](C2)[C@@H]3NC(=O)c4c[nH+]c5n4cccn5
ZINC000889651922_1,CC(C)(CC(=O)NC1(CCCCCC1)c2nc(on2)[C@@H]3CCCO3)C=C
ZINC001789297014_1,C[C@@H](Cn1cncn1)C(=O)NC2(CCC2)c3ccc(cc3)NC(=O)c4cc5n(n4)CCCO5
ZINC000109507554_1,CC(C)(C)OC(=O)N1CCCC[C@@H]1C(=O)NCC[C@@](c2nccn2C)(C(F)(F)F)O
ZINC000153867153_1,CC(C)CCN(CCC#N)C(=O)Nc1c(c(cs1)C2CC2)C(=O)OC
ZINC001639170284_1,CC(C)(C)NS(=O)(=O)c1cc(ccc1OC)C(=O)NC[C@H](CO)c2ccc(cc2)F
ZINC001315313686_1,C[C@@H]1COCCN1c2nnc(n2Cc3cc(c(c(c3)Cl)OC)OC)C(=O)NC(C)C
ZINC000514853806_1,Cc1c(c(=O)[nH]c(n1)C)CCC(=O)N[C@H](c2cc(cc(c2)OC)OC)c3nccn3C
ZINC000815457301_1,CN(CCC1CCCCC1)C(=O)C(=O)Nc2ccc(nc2)N3CCN(CC3)C(=O)OC